loss,precision,recall,recall_at_p90,id,predictions
0.18257735669612885,1.0,0.30000001192092896,0.8999999761581421,1,"[4.1554976e-01 2.9454863e-01 5.1034635e-01 8.1672549e-01 7.4817377e-01
 4.4125742e-01 4.5201498e-01 4.7152066e-01 4.3181598e-02 2.6816562e-01
 4.3522038e-02 1.4673465e-01 2.7193479e-02 1.5458986e-01 1.7353451e-02
 4.2700402e-02 1.3528775e-02 5.5790477e-02 3.6564225e-03 5.6290720e-03
 7.2270483e-03 1.3342745e-02 1.8326333e-01 1.1127023e-02 1.0604360e-02
 2.0939671e-01 9.2675386e-05 3.7187550e-02 1.3417804e-02 5.9132660e-03
 4.3689430e-02 8.1862785e-02 1.3343301e-01 1.9362359e-01 1.1852059e-03
 9.6478634e-02 9.7375112e-03 2.7207730e-02 1.8844169e-02 4.4149771e-02]"
0.10880053043365479,0.8767772316932678,0.7872340679168701,0.7021276354789734,2,"[2.54599899e-01 7.03129530e-01 1.82749301e-01 8.36429238e-01
 9.47312772e-01 4.03086506e-02 6.40184820e-01 1.32129163e-01
 3.17494065e-01 2.99529433e-01 3.63866001e-01 2.24807948e-01
 2.37315625e-01 1.16844617e-01 3.01044792e-01 3.93878222e-01
 2.89044619e-01 1.65722460e-01 2.54599899e-01 7.03129530e-01
 1.82749301e-01 8.36429238e-01 9.47312772e-01 4.03086506e-02
 6.40184820e-01 1.32129163e-01 3.17494065e-01 2.99529433e-01
 3.63866001e-01 2.24807948e-01 2.37315625e-01 1.16844617e-01
 3.01044792e-01 3.93878222e-01 2.89044619e-01 1.65722460e-01
 9.59377646e-01 9.98340249e-01 9.94480014e-01 7.20727503e-01
 9.50582266e-01 5.13555110e-01 8.57160687e-01 9.90822554e-01
 8.26252282e-01 9.57870781e-01 8.95497799e-01 8.65476191e-01
 6.62657917e-01 7.60491550e-01 4.05611545e-01 8.38303804e-01
 6.87058210e-01 8.57662678e-01 8.08812857e-01 7.37690270e-01
 9.25328076e-01 9.06422138e-01 6.52954817e-01 8.67637277e-01
 8.46358359e-01 6.66425288e-01 9.57225263e-01 6.45172536e-01
 9.21181142e-01 9.89701629e-01 8.28617811e-01 9.54576373e-01
 9.41460311e-01 6.59365416e-01 9.97433484e-01 8.17370236e-01
 9.96911228e-01 9.66856658e-01 9.59605038e-01 7.72672594e-01
 9.71574485e-01 5.24312556e-01 9.09559369e-01 9.95570838e-01
 6.23539209e-01 9.95946229e-01 9.28825259e-01 8.38314235e-01
 8.19553375e-01 9.85617936e-01 9.64501023e-01 6.34929359e-01
 4.56234276e-01 9.93171453e-01 9.92236316e-01 6.01870298e-01
 3.89958203e-01 8.05325508e-01 6.64030790e-01 4.28890556e-01
 8.85116100e-01 6.64835751e-01 7.92335033e-01 2.70530432e-01
 5.88505924e-01 6.75377548e-01 7.63603806e-01 6.11009598e-01
 7.54565775e-01 6.94297493e-01 6.26989484e-01 9.95499432e-01
 9.96293843e-01 9.57900226e-01 7.59360194e-01 9.67374384e-01
 9.98204947e-01 8.54963720e-01 9.94212806e-01 7.71751523e-01
 9.85793769e-01 9.52053785e-01 4.97975230e-01 9.14013326e-01
 4.53040481e-01 7.71349609e-01 9.32287872e-01 8.12411070e-01
 8.83451521e-01 7.84980655e-01 9.32441175e-01 9.26275671e-01
 9.89347458e-01 8.36215436e-01 9.58489597e-01 9.93643999e-01
 9.59003389e-01 9.91490066e-01 9.61410582e-01 9.97246742e-01
 8.12925577e-01 4.16495532e-01 9.73444462e-01 9.94911730e-01
 9.93985891e-01 9.46368992e-01 9.86801386e-01 9.02588785e-01
 7.90743947e-01 9.73539352e-01 5.31255126e-01 9.40867782e-01
 9.77461517e-01 7.30923176e-01 6.82975113e-01 6.93713367e-01
 9.90704358e-01 9.86789644e-01 9.93677437e-01 9.02893960e-01
 9.72138703e-01 9.73074079e-01 4.61635172e-01 9.78945017e-01
 9.65170860e-01 5.20588517e-01 9.08179224e-01 9.05093670e-01
 4.08748806e-01 9.69561577e-01 9.63920057e-01 8.79636645e-01
 7.27219343e-01 5.17982900e-01 8.48887086e-01 9.37367141e-01
 7.43205190e-01 9.79911983e-01 9.48908925e-01 9.83754098e-01
 7.23141968e-01 8.98891687e-01 5.88948846e-01 8.81443977e-01
 6.34463549e-01 8.45432281e-01 5.63932061e-01 7.68778265e-01
 3.51504058e-01 7.83435166e-01 6.41455531e-01 5.95139027e-01
 9.36418593e-01 6.61046743e-01 9.49825704e-01 5.72724700e-01
 3.68844658e-01 9.37726974e-01 6.58264279e-01 8.04284990e-01
 8.70672405e-01 4.45258647e-01 9.96197224e-01 9.89440262e-01
 8.61467063e-01 9.31561112e-01 8.05613279e-01 9.88842726e-01
 9.89771008e-01 3.95439953e-01 9.68677878e-01 9.40666497e-01
 9.75893080e-01 9.92546022e-01 9.69852924e-01 8.45271587e-01
 9.54262435e-01 9.85596061e-01 8.63404810e-01 4.68394220e-01
 2.84360707e-01 9.74281013e-01 7.70628273e-01 7.25340247e-01
 3.32755893e-01 3.88077408e-01 3.13392103e-01 4.30776179e-01
 3.95239264e-01 4.76924390e-01 9.85840917e-01 9.70632374e-01
 9.76845741e-01 9.81203139e-01 9.47814226e-01 9.81155992e-01
 9.83226597e-01 9.67207253e-01 5.68085015e-01 1.45771489e-01
 2.93648899e-01 2.82413730e-05 8.33059400e-02 8.82630050e-01
 3.04434961e-03 3.38021398e-01 4.33835685e-02 2.22910136e-01
 5.35738515e-03 7.79128540e-03 1.99531287e-01 1.33763880e-01
 1.25616381e-03 7.03159766e-03 4.30927277e-02 5.87360077e-02
 1.77457884e-01 2.33564340e-02 9.32804402e-03 1.69372577e-02
 9.01827812e-02 2.87009746e-01 3.85709032e-02 8.25639535e-03
 3.28532398e-01 4.99794856e-02 2.34875277e-01 1.43875331e-01
 7.21962098e-03 1.71688870e-02 2.68923163e-01 1.34486491e-02
 1.85865223e-01 1.61398768e-01 6.45289719e-02 9.26851183e-02
 2.44621262e-01 4.69123684e-02 1.43745586e-01 6.26929477e-02
 2.91937478e-02 4.23835777e-03 6.47481754e-02 4.38403934e-02
 2.61810329e-02 9.95181594e-03 6.89616576e-02 1.05521873e-01
 1.90241426e-01 1.56138197e-01 9.75726321e-02 2.09412482e-02
 4.13900167e-02 1.63192023e-02 6.45588562e-02 6.38372675e-02
 1.79896176e-01 4.02075675e-04 1.28439395e-02 9.64804962e-02
 4.13418980e-03 9.50946733e-02 6.24248933e-04 1.39542162e-01
 1.59554452e-01 3.72451067e-01 2.65481412e-01 4.64882962e-02
 2.44483829e-01 2.60094106e-01 7.00655207e-03 2.75787488e-02
 3.67837213e-02 1.24354050e-01 1.05323503e-02 8.33404481e-01
 5.22223301e-03 1.13237128e-01 3.43483746e-01 1.53095024e-02
 1.25594616e-01 1.72855258e-02 4.09242004e-01 4.80370373e-01
 8.44244957e-02 1.52356736e-02 1.92778468e-01 1.06170766e-01
 1.34768158e-01 8.05881061e-03 1.11259315e-02 5.12876548e-03
 1.03848182e-01 1.26879197e-02 1.32809132e-01 1.13955267e-01
 2.09284248e-03 8.64204392e-02 1.95279241e-01 1.26091894e-04
 3.22209775e-01 2.72488892e-01 1.32341951e-01 1.89790092e-02
 2.39563197e-01 1.76261112e-01 6.45214831e-03 9.40635622e-01
 1.35044875e-02 7.40785804e-03 1.51455086e-02 1.48904719e-03
 1.05958864e-01 1.55538004e-02 1.62986726e-01 1.12596694e-02
 3.79288271e-02 1.73842400e-01 1.88893825e-01 2.70468649e-03
 1.65216506e-01 5.16365916e-02 2.99530290e-02 6.94818608e-03
 1.83557346e-02 3.40927958e-01 6.56928262e-03 2.28731081e-01
 1.83383059e-02 3.32464352e-02 3.31934867e-03 6.38923705e-01
 3.09810080e-02 7.36935362e-02 7.06033036e-02 1.62230979e-03
 3.73861820e-01 5.19400001e-01 1.00242784e-02 4.07635607e-02
 8.25814903e-02 1.26938492e-01 5.18482812e-02 5.48210368e-02
 4.57605094e-01 1.51191512e-02 4.87468466e-02 1.26644611e-01
 1.34900361e-02 5.46778381e-01 2.29773149e-01 6.54310435e-02
 6.13809489e-02 1.95863694e-02 1.71278402e-01 1.24298064e-02
 1.30395894e-03 6.32687705e-03 1.13978982e-02 3.30416299e-02
 2.01816350e-01 3.49196464e-01 1.04127163e-02 1.42342430e-02
 4.13666508e-04 2.92668283e-01 2.22489070e-02 3.28833908e-02
 7.00622797e-01 2.74942994e-01 9.17713121e-02 2.67047733e-01
 1.81443598e-02 1.13783041e-02 2.04454977e-02 2.20103394e-02
 1.74086522e-02 2.88179182e-02 1.40964128e-02 7.05511048e-02
 8.70290585e-03 3.65434512e-02 1.71320252e-02 4.21013683e-02
 1.63138844e-02 2.03973223e-02 2.21362133e-02 1.61347948e-02
 1.91701297e-02 9.16703604e-03 1.75099418e-01 3.30511779e-02
 7.37304464e-02 1.71952173e-02 8.70480984e-02 2.83764414e-02
 1.51227508e-03 4.84645441e-02 7.31869265e-02 5.76423667e-02
 1.97660532e-02 5.13635933e-01 9.88787115e-02 7.02275261e-02
 9.27640200e-02 9.14248973e-02 6.39155209e-02 9.41821113e-02
 6.72465796e-03 1.93514556e-01 2.40552649e-01 1.43459542e-02
 2.37337157e-01 1.96721051e-02 5.39423563e-02 4.74517159e-02
 8.40141326e-02 4.47288081e-02 4.68330756e-02 2.62494981e-02
 7.95825943e-03 1.32082580e-02 4.02503945e-02 1.13700470e-02
 7.68166631e-02 2.22929521e-03 5.51008344e-01 3.53526957e-02
 4.06994045e-01 4.02910262e-02 1.14848703e-01 5.92115819e-02
 2.67884824e-02 1.45636305e-01 9.53337923e-02 2.38268021e-02
 6.62787139e-01 1.61139928e-02 6.43377304e-02 2.66603947e-01
 5.46572469e-02 2.31663999e-03 5.63546643e-02 4.85459669e-03
 3.39194055e-04 5.00347605e-03 1.31526319e-02 1.37483567e-01
 2.46284515e-01 7.97160640e-02 6.49018064e-02 3.06562241e-03
 1.33476719e-01 6.94638714e-02 1.99077837e-02 4.56512868e-02
 8.51140916e-01 1.31801501e-01 1.27592059e-02 7.55010694e-02
 1.60313606e-01 2.21293107e-01 1.76972419e-01 3.25415879e-01
 1.51953146e-01 1.72638521e-01 3.39300521e-02 1.00808620e-01
 4.46627196e-03 1.75187457e-02 1.11598149e-01 7.79481698e-03
 1.27754286e-01 7.81496800e-03 7.45174885e-02 1.20106880e-02
 8.99051025e-04 1.87968016e-02 6.72951015e-03 6.20348454e-02
 3.06493626e-03 5.96136786e-02 6.01632707e-02 9.54939052e-03
 8.52241993e-01 1.83958635e-02 2.69334942e-01 8.97219628e-02
 5.84866166e-01 2.42685154e-03 9.43350885e-03 2.58882910e-01
 2.46542934e-02 2.70996213e-01 7.59189799e-02 3.67450789e-02
 2.74392180e-02 4.77542635e-03 8.26429874e-02 1.78000201e-02
 1.96264029e-01 2.70229876e-01 5.18980473e-02 5.36238551e-02
 4.01812017e-01 2.89763570e-01 8.25328752e-03 9.33314562e-01
 4.90914052e-03 9.18708555e-03 3.98294419e-01 1.32037133e-01
 6.36194468e-01 2.85395473e-01 1.72692344e-01 9.68740955e-02
 1.76370423e-02 7.50515983e-03 6.19636923e-02 1.40523389e-02
 9.25376825e-03 7.14315474e-02 3.23926535e-04 9.08254832e-02
 8.56531560e-02 2.36579776e-01 5.16745402e-03 3.25406995e-03
 3.62469978e-03 8.27429176e-04 6.68222606e-02 1.50754536e-03
 5.03679737e-04 1.16081238e-02 3.84981424e-01 1.13623999e-02
 9.29441273e-01 3.27736318e-01 1.97813570e-01 7.40719587e-02
 9.30419937e-02 9.84682441e-02 1.62193388e-01 2.53722910e-02
 3.03903334e-02 4.15731966e-02 4.91155311e-04 5.96889202e-03
 1.92048191e-03 1.78986264e-03 7.57178724e-01 6.90235868e-02
 4.26273085e-02 7.21687973e-01 3.74528719e-03 1.03935122e-01
 1.56762123e-01 6.00563399e-02 1.09286852e-01 8.21415707e-02
 3.88425142e-02 8.92498717e-03 2.51295477e-01 6.99610114e-02
 2.34027892e-01 4.51802909e-02 2.46311992e-01 4.37521189e-01
 1.83617193e-02 4.76388127e-01 4.69229281e-01 7.79210925e-02
 8.08228612e-01 5.13558239e-02 7.66381696e-02 9.90967602e-02
 2.74943799e-01 9.88750905e-03 2.16283426e-01 2.57300317e-01
 2.76529621e-02 1.00480188e-02 7.48152030e-04 1.12885147e-01
 1.75598711e-02 8.39002058e-02 2.66340822e-01 8.17238465e-02
 7.30433734e-04 9.19221267e-02 7.45321065e-03 3.15907784e-02
 7.31366454e-03 1.87369362e-01 1.35674588e-02 2.50494152e-01
 2.78102085e-02 2.38311682e-02 1.13104843e-01 2.94458628e-01
 1.75616175e-01 4.06875368e-03 2.67728359e-01 2.35994354e-01
 1.65932879e-01 6.89488724e-02 3.11907590e-03 2.28564709e-01
 2.97652986e-02 1.09114572e-01 9.28782940e-01 2.76909713e-02
 9.37022921e-03 1.98463816e-03 1.76399335e-01 8.33092555e-02
 9.63308141e-02 4.29179054e-03 8.79667029e-02 2.44215056e-02
 6.11432828e-02 1.23114334e-02 1.02043368e-01 1.16678640e-01
 7.98521750e-03 7.84087868e-04 6.57095671e-01 2.81879932e-01
 1.00230016e-02 2.31989678e-02 2.77343001e-02 1.73498079e-01
 1.04014851e-01 2.48076096e-01 8.44421312e-02 3.92791349e-03
 3.56670022e-01 2.25573611e-02 5.59857599e-02 1.00363996e-02
 9.58058015e-02 7.89246976e-01 2.54603084e-02 1.91217512e-02
 1.43403575e-01 1.20141029e-01 2.27139682e-01 4.48324019e-03
 2.37964503e-02 6.88269176e-03 2.81618357e-01 2.12508321e-01
 3.01352203e-01 8.97513330e-03 5.12525439e-02 2.58918591e-02
 3.21877658e-01 1.87142212e-02 3.17264311e-02 3.21348123e-02
 1.26479799e-02 2.53879540e-02 9.71413590e-03 6.27521798e-02
 1.15740605e-01 4.49681282e-03 1.08154789e-02 5.01428917e-03
 4.64272238e-02 1.17184624e-01 1.15613341e-01 5.15280105e-03
 7.55873322e-02 4.63688634e-02 3.42625007e-02 8.97904858e-02
 2.13200822e-01 5.38809504e-03 4.86336794e-05 2.45917793e-02
 1.31641105e-01 8.33491504e-01 8.80390108e-02 3.66072029e-01
 7.90937170e-02 3.26243281e-01 9.90488473e-03 3.82010527e-02
 9.66763273e-02 2.96358299e-02 3.33197266e-01 2.93535180e-02
 3.56930331e-03 4.08209075e-04 1.25721395e-01 1.86122999e-01
 4.56978269e-02 5.77127561e-02 3.09125297e-02 2.03434229e-01
 2.02631608e-01 5.02042025e-02 2.85294391e-02 2.56454828e-03
 6.55746758e-02 2.07253229e-02 5.19142263e-02 6.91569271e-03
 2.97365729e-02 3.29544023e-03 3.92279923e-01 2.13627163e-02
 3.34343575e-02 1.05291959e-02 9.04885214e-03 1.03027269e-01
 1.09335750e-01 4.40090820e-02 5.73594011e-02 1.87933911e-04
 9.21135470e-02 7.48251798e-03 5.07241441e-03 2.63924688e-01
 1.11554954e-02 3.69041339e-02 6.69782013e-02 2.13649496e-02
 2.43926018e-01 3.92426737e-02 4.31630909e-02 9.26737040e-02
 6.00376690e-04 8.66846859e-01 1.32662028e-01 1.41300917e-01
 6.35273382e-02 1.13510769e-02 1.20970956e-03 1.64452996e-02
 1.96007434e-02 1.49278611e-01 1.35490652e-02 1.42070102e-02
 1.81748301e-01 3.04550767e-01 1.81568377e-02 6.60083443e-02
 1.85163632e-01 1.07076570e-01 1.44676834e-01 1.33634254e-01
 1.57654155e-02 1.49554759e-01 8.84559155e-02 1.62837073e-01
 3.62199731e-02 6.38183253e-03 5.39349727e-02 1.25860140e-01
 5.20859241e-01 2.18223818e-02 9.34279263e-02 2.92736460e-02
 4.76068556e-01 2.35310093e-01 2.05983259e-02 4.09938134e-02
 9.69874859e-02 1.65678188e-01 1.18432213e-02 3.96376587e-02
 2.45405912e-01 1.14439614e-02 8.35745931e-02 4.23529232e-03
 5.71813732e-02 2.70459778e-03 4.06171829e-02 8.17486867e-02
 1.59769714e-01 2.93001123e-02 2.09572744e-02 2.40988284e-02
 5.93160465e-02 1.79646075e-01 1.60138518e-01 3.85068916e-02
 4.78815809e-02 1.43600544e-02 1.07885869e-02 1.98463500e-02
 4.74983640e-03 7.47816579e-04 1.45481914e-01 7.11477458e-01
 1.01023633e-02 1.10924579e-02 2.85995007e-01 1.75250359e-02
 1.42946628e-05 4.27903384e-02 4.61385995e-01 2.37800251e-03
 1.12126984e-01 2.01858953e-01 1.05183773e-01 2.86361843e-01
 1.00962948e-02 1.09903283e-01 7.19584897e-03 1.48814812e-01
 8.57685804e-02 5.22477785e-03 2.34463438e-03 9.62572917e-02
 1.26050469e-02 4.24139155e-03 3.05129677e-01 4.11113411e-01
 9.23383981e-02 5.53029776e-02 8.96439776e-02 6.65378422e-02
 1.49423808e-01 4.11008224e-02 1.77264959e-01 1.36386111e-01
 1.40891224e-01 5.73920235e-02 2.36355122e-02 1.86774060e-02
 1.72736123e-01 1.40059307e-01 9.44130961e-03 8.32253397e-02
 2.02621371e-02 1.35485247e-01 9.86331105e-02 2.59854998e-02
 2.08152831e-03 3.20659697e-01 4.86918725e-03 1.07276104e-01
 1.05909020e-01 4.69972612e-03 2.31282622e-01 3.63864936e-02
 3.26564573e-02 3.46300192e-02 3.80684659e-02 3.85010332e-01
 7.66095892e-02 4.08279955e-01 8.30934383e-03 1.25740677e-01
 6.17203116e-02 7.06167519e-02 3.72327045e-02 2.55377889e-02
 2.06284765e-02 2.13329166e-01 2.45178794e-03 9.00413201e-04
 5.26083726e-03 2.64743576e-03 2.39976458e-02 1.14547014e-02
 2.44932190e-01 2.68947496e-03 1.25505090e-01 2.11551841e-02
 5.86748682e-02 1.12361962e-03 2.71634609e-02 1.82294974e-03
 1.09791216e-02 2.29448732e-02 1.39202494e-02 4.58044000e-02
 8.31478909e-02 4.69776569e-03 1.61639564e-02 1.93675421e-02
 7.01858774e-02 1.20881014e-02 2.47473225e-01 1.09402932e-01
 9.81577486e-03 1.15750231e-01 6.91425502e-02 1.78388014e-01
 1.04914661e-02 4.88649569e-02 1.05929589e-02 1.19674793e-02
 1.07157901e-02 3.77151966e-02 6.26452342e-02 8.25413913e-02
 3.88735197e-02 1.40751237e-02 2.45270327e-01 1.10822439e-01]"
0.15663330256938934,0.9836065769195557,0.6896551847457886,0.8275862336158752,3,"[2.05896869e-01 1.47587657e-01 3.08587015e-01 1.50004625e-01
 8.67817640e-01 6.51218414e-01 9.05043662e-01 8.73567104e-01
 5.51048040e-01 3.88632059e-01 2.66137451e-01 1.92638367e-01
 4.52852935e-01 4.26541530e-02 1.52178854e-02 3.37832794e-02
 3.23997773e-02 3.96932214e-02 1.48011064e-02 4.50448915e-02
 5.56548715e-01 9.78087664e-01 9.98985350e-01 9.94093001e-01
 8.58145893e-01 9.90300298e-01 1.06991962e-01 5.91920137e-01
 9.02409256e-01 6.36608183e-01 9.22737658e-01 7.32643187e-01
 1.74920067e-01 6.50292858e-02 1.10244706e-01 4.69565839e-01
 9.22172666e-01 9.97950852e-01 7.68252254e-01 9.87389684e-01
 7.36766040e-01 9.51756775e-01 4.84205931e-01 9.99729097e-01
 9.83515680e-01 9.58795369e-01 8.60128477e-02 9.12703633e-01
 9.80139494e-01 8.63943577e-01 1.01165369e-01 9.59995329e-01
 6.13782287e-01 7.22777665e-01 9.14084852e-01 9.90588665e-01
 9.96006668e-01 9.46389139e-01 8.00981641e-01 9.84922230e-01
 6.60844266e-01 9.64768946e-01 9.91960824e-01 9.19510841e-01
 1.35677591e-01 8.54596198e-01 9.62524056e-01 8.04836988e-01
 9.96625662e-01 8.99562001e-01 5.90485454e-01 5.24185121e-01
 3.28044146e-01 8.55320871e-01 7.19803214e-01 7.90087163e-01
 3.11178684e-01 7.77141690e-01 3.57751191e-01 6.89553082e-01
 7.57228076e-01 6.59749389e-01 7.86510706e-01 8.47819686e-01
 8.58750820e-01 7.84352124e-01 9.62088883e-01 1.02574043e-02
 8.52325261e-02 3.75458435e-03 1.27697093e-02 1.67283192e-02
 7.16513162e-03 2.26181892e-05 3.52716744e-02 1.53629028e-03
 2.70183813e-02 1.34812761e-02 1.13922678e-01 1.07963709e-02
 3.39091592e-03 4.98823971e-02 1.44625059e-03 5.82168996e-03
 2.14166641e-02 1.90025233e-02 4.49364334e-02 1.25963837e-02
 4.30542231e-02 9.76087176e-04 2.08371924e-03 3.21655930e-03
 1.28005135e-08 4.50391382e-01 1.92624275e-02 3.50706726e-02
 4.52346029e-03 1.57434237e-03 1.16345123e-03 3.14432144e-01
 2.60594990e-02 5.76161500e-03 8.74186233e-02 1.67290529e-03
 2.85648722e-02 1.49965445e-02 2.02161260e-03 3.86138149e-02
 1.50797525e-02 7.28364587e-02 3.51658054e-02 1.13490699e-02
 6.99716547e-05 1.12101868e-01 3.10247019e-02 2.28071846e-02
 1.71075761e-02 1.17130466e-02 5.07151010e-03 1.05584098e-04
 7.78262243e-02 4.17772506e-04 2.46324595e-02 4.19460610e-03
 2.38269288e-03 1.08114760e-02 7.73977721e-03 4.90239710e-02
 8.50738666e-04 2.61698738e-02 6.93566748e-04 6.98675343e-04
 1.41773047e-03 1.08779229e-01 1.23306975e-01 9.65509787e-02
 1.04523282e-02 7.83333555e-03 9.10002738e-04 1.06876381e-01
 7.46506918e-03 1.19575530e-01 1.90307349e-02 3.02150194e-02
 6.51867827e-03 6.92022294e-02 6.47749230e-02 1.43278693e-03
 2.91735832e-05 5.63091114e-02 1.99975376e-03 1.43638467e-02
 1.18512325e-02 1.89223737e-02 5.52848587e-03 7.47563839e-02
 5.54588325e-02 1.18493680e-02 3.91027611e-03 4.29802062e-03
 1.60573367e-02 5.53818010e-02 1.08156474e-02 8.76707118e-03
 5.55457957e-02 1.27419671e-02 1.89965740e-02 2.55605462e-03
 1.18517230e-04 5.43052070e-02 5.28244236e-05 4.88456432e-03
 1.72160435e-02 4.69823889e-02 7.55463168e-02 1.13276392e-01
 4.97827400e-03 2.71086721e-03 5.88706404e-04 6.00760663e-03
 8.74548256e-02 2.17060631e-04 8.37037689e-04 3.10811599e-10
 7.42480275e-04 3.66622992e-02 1.58693604e-02 1.63917188e-02
 2.88296789e-02 1.00154663e-02 1.10036083e-01 3.81798763e-03
 6.94555774e-06 1.04351994e-02 1.90526640e-04 1.26052037e-01
 1.28209114e-03 6.25210872e-04 8.07530712e-03 2.16503534e-02
 3.75264473e-02 2.72154361e-02 7.07216933e-02 1.65535358e-03
 1.01301156e-03 5.11043100e-03 3.41059566e-02 2.00657677e-02
 1.00503480e-02 4.20289412e-02 2.06723362e-02 9.31228569e-04
 1.78543236e-02 1.10355370e-01 4.51215368e-04 2.88960786e-04
 1.25637218e-01 2.96292314e-03 4.03161021e-03 1.36777669e-01
 7.54582649e-03 4.28953208e-04 3.19932774e-02 9.61340673e-04
 5.63756330e-03 7.67959422e-03 1.54113863e-03 4.08879918e-04
 1.02596567e-03 5.07115899e-03 2.17916846e-01 5.73838595e-03
 1.40985204e-02 6.79002469e-03 1.14980144e-02 3.98591720e-02
 7.48496794e-04 8.94318894e-03 3.17168683e-02 4.78499569e-05
 2.14945730e-02 6.02921391e-05 2.20246315e-02 4.71713357e-02
 5.64121595e-03 1.90812916e-01 8.08508834e-04 3.95140296e-06
 4.58085584e-03 6.69824891e-03 1.07606994e-02 3.44319008e-02
 3.65715055e-03 4.79726959e-03 1.14609273e-02 3.03268462e-04
 4.14065532e-02 1.49334688e-03 5.85982998e-05 2.12142672e-02
 1.96722299e-01 3.40404949e-04 9.78304597e-05 2.16608890e-03
 4.58474591e-04 4.56043659e-03 4.18456300e-04 6.56108744e-03
 1.30585730e-01 8.58760832e-05 7.19881442e-04 9.53416899e-02
 1.36630260e-03 6.61081895e-02 6.77396893e-04 2.24924856e-03
 9.46789309e-02 8.05491135e-02 1.14979774e-01 1.79278303e-03
 4.40331828e-03 2.80354940e-03 5.35251573e-02 3.09581822e-03
 3.91692102e-01 4.57921885e-02 5.78116626e-02 1.60286561e-01
 2.40125172e-02 1.66131780e-02 2.10622721e-03 3.18010710e-02
 3.10310815e-02 2.58856192e-02 9.78566799e-03 1.06485173e-01
 1.52060832e-03 1.91346626e-04 1.70435049e-02 1.37266302e-02
 3.26155359e-03 1.54070286e-02 6.62029302e-03 9.62301195e-02
 3.65397590e-03 2.19535106e-03 1.01553211e-02 4.59312834e-02
 2.71608168e-03 2.03808479e-04 5.73229278e-03 2.66083935e-03
 3.42045008e-04 1.96035879e-04 5.95595121e-01 1.53125031e-03
 4.12728563e-02 2.26221845e-01 1.99009804e-03 1.35724261e-01
 9.77042713e-04 1.26998238e-02 3.69916554e-03 8.69323984e-02
 2.27311946e-04 2.18504537e-02 2.74688452e-02 7.16203265e-03]"
0.08145681023597717,0.8611111044883728,0.9117646813392639,0.8676470518112183,4,"[8.49272370e-01 9.93568122e-01 9.96243834e-01 9.81600106e-01
 9.44008112e-01 8.20831239e-01 4.40831810e-01 5.09859860e-01
 5.71382105e-01 6.97214425e-01 2.24917263e-01 9.98861313e-01
 9.99705493e-01 9.94171083e-01 8.51538002e-01 9.89959598e-01
 9.95605409e-01 9.63204861e-01 9.34844792e-01 9.73384142e-01
 9.99390244e-01 9.76657271e-01 8.38740945e-01 9.85061705e-01
 7.96611726e-01 9.30976152e-01 9.35929000e-01 9.70284939e-01
 8.19059968e-01 9.81696248e-01 8.96428466e-01 9.73508418e-01
 9.79676008e-01 9.29255962e-01 9.90851462e-01 9.99652982e-01
 9.82936502e-01 9.81527925e-01 9.99596536e-01 9.94999647e-01
 9.91042972e-01 9.87340510e-01 7.78294802e-01 9.04500365e-01
 9.58944321e-01 8.92324507e-01 8.84593666e-01 8.45836639e-01
 9.76822615e-01 2.84002125e-01 8.87022793e-01 4.62750107e-01
 7.14412868e-01 8.67087066e-01 9.73184168e-01 9.48876262e-01
 9.72133934e-01 6.33887529e-01 9.31190491e-01 9.01489317e-01
 8.04595053e-01 9.09432113e-01 8.51662755e-01 6.95856869e-01
 3.48267406e-01 8.63740325e-01 9.72233415e-01 2.59780258e-01
 5.75981498e-01 6.79236650e-03 9.54865944e-03 6.46280870e-02
 1.19452752e-01 3.00413910e-02 9.31803286e-02 1.08190559e-01
 1.27096713e-01 3.55594493e-02 1.35354683e-01 2.99198955e-01
 9.69420150e-02 6.34211153e-02 6.85638115e-02 2.23337889e-01
 6.65324926e-01 1.16677940e-01 8.75409618e-02 2.05014944e-01
 5.90410680e-02 1.83234468e-01 4.52026166e-02 7.61418417e-03
 4.37816046e-03 5.25670610e-02 1.28709730e-02 1.32880002e-01
 3.75037640e-02 9.40598994e-02 1.74073428e-01 8.91467109e-02
 1.41855367e-02 2.07821056e-02 1.88500509e-02 2.06016600e-02
 1.78315967e-01 3.23002879e-03 2.78654769e-02 3.43679786e-02
 6.89447150e-02 1.80379182e-01 1.72664616e-02 9.17228341e-01
 1.13099113e-01 3.05527635e-02 1.98117401e-02 1.39292806e-01
 1.50750309e-01 1.87082626e-02 1.54702708e-01 2.24561691e-02
 8.24953057e-03 2.55850226e-01 6.64026439e-02 1.26667321e-01
 7.61705041e-02 5.90349399e-02 7.02320319e-03 7.76950270e-02
 1.62502974e-01 8.30605477e-02 1.66568998e-02 1.94201004e-02
 4.09683771e-02 4.85973731e-02 2.28280321e-01 2.76060449e-03
 1.21817455e-01 1.44436909e-02 1.44364133e-01 2.13883612e-02
 8.51100124e-03 2.03487296e-02 3.67606618e-02 6.82625592e-01
 1.14972644e-01 1.57895181e-02 2.12439865e-01 8.50161389e-02
 7.76609359e-03 2.08339453e-01 1.43984064e-01 2.78800130e-01
 1.03711123e-02 1.57597616e-01 7.87716568e-01 2.68161763e-02
 1.85240373e-01 6.03516586e-02 3.55772697e-03 4.29468490e-02
 5.64314425e-01 3.10458839e-01 4.33030054e-02 1.15794942e-01
 5.39138354e-02 7.34741986e-02 7.51289539e-03 3.08005642e-02
 2.25145593e-01 3.56279314e-01 3.95689681e-02 1.15594938e-01
 1.51696894e-02 1.25863507e-01 4.12071313e-05 8.56622458e-02
 1.27618760e-01 2.82347035e-02 4.87688780e-02 1.60595194e-01
 5.88650070e-02 2.95155674e-01 2.44866014e-01 6.85590357e-02
 1.08409300e-02 7.52021790e-01 1.63808137e-01 1.00028045e-01
 4.23633400e-03 1.48814917e-02 8.43919069e-02 2.07228377e-01
 5.11082172e-01 1.58109173e-01 1.28282147e-04 2.63915509e-01
 1.71384364e-01 7.19881877e-02 1.04051627e-01 1.50020458e-02
 7.49623701e-02 3.94769311e-02 1.31197702e-02 2.32392266e-01
 1.65910125e-01 8.30896720e-02 9.10745189e-02 4.90271188e-02
 8.90889484e-03 4.71638096e-03 5.92615753e-02 1.16691794e-02
 9.35350955e-02 5.19012026e-02 7.30474964e-02 3.89974087e-01
 8.70581046e-02 4.21319157e-04 1.38850212e-01 2.38539856e-02
 1.43334210e-01 5.67511469e-03 2.51363986e-03 2.16260459e-02
 3.39259729e-02 7.91401342e-02 1.37191460e-01 4.69864160e-02
 8.80934671e-02 9.28213075e-03 9.08459425e-02 4.54313271e-02
 7.14321136e-02 1.57368779e-01 1.00133568e-01 1.63762853e-01
 1.13784619e-01 8.16389546e-02 1.64705236e-02 2.67553292e-02
 1.38058839e-02 5.30040413e-02 4.13074042e-04 9.69532907e-01
 3.77028286e-01 6.72901794e-02 8.75431374e-02 1.07010588e-01
 2.92167127e-01 1.67771965e-01 3.87079120e-02 3.88708618e-03
 6.12160601e-02 5.65313287e-02 6.70301765e-02 3.11443835e-01
 4.47408371e-02 2.04679668e-02 4.09651808e-02 5.68062849e-02
 2.04096869e-01 1.85247242e-01 9.57645476e-02 1.82824396e-02
 8.35989267e-02 1.96624156e-02 8.96465421e-01 1.00502409e-01
 6.02958947e-02 2.20585465e-02 1.65202804e-02 1.52863525e-02]"
0.08080625534057617,0.9166666865348816,0.8148148059844971,1.0,5,"[9.73758042e-01 7.63988912e-01 9.74499881e-01 1.55409470e-01
 9.90849853e-01 6.74096704e-01 7.38953233e-01 9.51431930e-01
 9.82870281e-01 3.35505128e-01 9.73332405e-01 9.49694633e-01
 9.85514522e-01 4.49698925e-01 8.73691738e-01 9.77754653e-01
 9.45824265e-01 2.99170792e-01 9.97411788e-01 9.87075031e-01
 2.09721223e-01 9.97095466e-01 9.67738509e-01 9.97115970e-01
 9.32953835e-01 9.86672044e-01 9.39512908e-01 1.16339244e-03
 7.84813687e-02 4.56238016e-02 4.51290570e-02 5.28049469e-02
 8.80394503e-03 5.81860496e-03 5.11642843e-02 1.15998331e-02
 2.71998316e-01 7.53428638e-01 8.03756714e-02 7.35308602e-02
 6.62690327e-02 7.60076568e-02 8.65338463e-03 2.71776645e-03
 4.37076529e-03 2.76392531e-02 1.26660496e-01 7.35192299e-02
 4.23456822e-03 9.82815283e-04 7.06211710e-03 7.42499437e-03
 1.06080761e-03 2.32989504e-03 1.99512127e-04 1.02556655e-02
 4.66133451e-06 3.53153073e-03 1.29294305e-04 9.65392776e-03
 7.32606556e-03 3.70646461e-07 9.17098880e-01 1.04584560e-01
 8.54911096e-03 4.54369374e-03 1.65876690e-02 1.16721509e-04
 4.13747877e-02 1.70252677e-02 3.44257131e-02 1.46272019e-01
 1.16944075e-01 8.23903829e-03 9.11360607e-02 1.44206570e-03
 6.78632502e-03 8.67086090e-03 1.28627603e-03 1.02986470e-01
 4.76505123e-02 1.22715556e-03 1.21333078e-02 3.40470084e-04
 1.69522443e-03 3.54517651e-05 5.11514395e-02 1.59656035e-03
 5.34276362e-04 5.30345887e-02 1.88428778e-04 1.63515974e-02
 2.19302829e-02 1.24703776e-02 1.83333885e-02 5.25794050e-04
 1.47236809e-02 7.84643926e-03 4.51504141e-02 3.30790468e-02
 1.29622535e-03 1.33527166e-04 5.90600893e-02 3.35161516e-04
 6.60136119e-02 3.13113618e-04 7.58748278e-02 1.05893962e-01]"
